CustomerID,CustomerName,Age,City
1,Ashlee Young,29,West Conniemouth
2,Robert Guerra,19,North Kaylamouth
3,Leah Miller MD,26,Port Matthewport
4,Ryan Gill,64,Matthewton
5,Andrew Reynolds,33,East Patrickshire
6,Carrie Perry,60,Lake Stephanie
7,Thomas Garcia,34,South Danieltown
8,Carrie Ellis,65,West Billview
9,Calvin Key,62,Lake Lori
10,Curtis Garrett,65,Port Clairebury
11,Kelly Smith,23,Port Aaron
12,Jennifer Wright,31,Brettville
13,Darrell Johns,28,Louisside
14,Jason Warner,43,Fergusonshire
15,Mary Jones,24,Campbellstad
16,Angela Sanchez,24,North Gregory
17,Kelly Dodson,22,Hannatown
18,Kimberly Garcia,48,Port Donna
19,Leonard Suarez,53,Brownberg
20,Shannon Schultz,21,East Brian
21,Linda Patterson,19,New Kevin
22,Alexandria Frazier,67,Michaelborough
23,Lauren Ramos,43,South Crystal
24,Gabrielle Bates,51,North Brenda
25,Timothy Kelly,66,Simmonston
26,Randy Smith,23,Lake Jenny
27,Tara Skinner,24,Thompsonfort
28,William Bishop,34,Davidchester
29,Renee Ramos,57,Jillview
30,Chelsea Cohen,27,South Sethchester
31,Adrian Brady,23,West Kellyport
32,Dennis Hammond,59,Trevorshire
33,Jocelyn King,42,Cookview
34,Austin Harrison,37,Lake Dorothymouth
35,Matthew Jones,32,South Jenniferport
36,Tracy Schwartz,33,West Adriana
37,Heather Mathis,65,Brianview
38,Erin Norton,36,Brittanychester
39,Nicholas Lopez,46,Reginaburgh
40,Jason Johnson,58,Lake Nancy
41,Angela Johnson,26,Murrayberg
42,Gerald Griffith,26,South Julieport
43,Kristin Russell,51,Christinaburgh
44,Melissa Gallegos,28,Crystalside
45,Renee Thompson,19,West Melissa
46,Alice Wang,20,West Kennethland
47,Alex Bell,60,Port Aaron
48,Jonathan Wheeler,40,Port Michaelfurt
49,Maria Robinson,38,South Anthonyland
50,William Willis Jr.,48,Emilytown
51,Monica Gardner,47,Snowville
52,Pamela Hayes,52,Lake Pamela
53,Thomas Townsend,35,Shannonview
54,Tammy Miller,53,West Billland
55,Deborah Jones,46,Barberburgh
56,Elijah Spears,26,West Sarahfort
57,Jeffery Wilson,62,Schwartzport
58,Anthony Clark,52,Christophermouth
59,Matthew Davis,29,South Amyberg
60,Shirley Pennington,55,West Joseph
61,Robert Cohen,56,Coopertown
62,Emma Phillips,47,Lake Zacharyville
63,Vickie Smith,58,Millermouth
64,Angelica Jenkins,65,Melissaview
65,Kevin Smith,58,Danielleview
66,Denise Jordan,54,Nicholaschester
67,John Butler,45,Melissamouth
68,Laura George,51,Aguilarmouth
69,Mason Johnson,58,Port Eric
70,James Beltran,58,Lake Joelmouth
71,Ralph Hines,52,South Timothytown
72,Charlene Garcia,37,Grantmouth
73,Matthew Baxter,40,Lake Ryanberg
74,Michael Howard,48,Lake Kevinburgh
75,Scott Spencer,52,Richardsbury
76,Dr. Cindy Stevenson,32,Michaelmouth
77,Katherine Smith,69,Clarkshire
78,Diana Reed,23,Lake Mary
79,Jeremy Holmes,46,Sandraview
80,Hannah Burke,37,North Mitchell
81,Thomas Higgins,41,East Jasmineport
82,Ralph Johnson,44,South Kristen
83,Nicole James,34,Conleyhaven
84,Paul Luna,27,South Raven
85,Nicole Jacobs,37,Duncanville
86,Rebecca Dean,18,Sandraview
87,Lisa Myers,18,Port Andrewfort
88,Angela Gonzalez,51,Ramirezfort
89,Andrew Miller,70,Conwaybury
90,Keith Mitchell,66,North Kaylaland
91,Corey Oneal,26,Davidfurt
92,Diana Johnson,40,Smithview
93,Bryan Silva,36,North Jared
94,Diana Ballard,48,Meganland
95,Terry Houston,52,North Eugenehaven
96,Shelby Smith,18,Maryshire
97,Crystal Martinez,62,Patrickmouth
98,Kelsey Jackson,49,East Rickymouth
99,Robert Thomas,66,Crystalview
100,Stephen Riley,48,West Keith
101,Michael Farmer,37,West Lanceside
102,David Hoffman,18,East Dianeborough
103,Robert Galvan,67,Erichaven
104,Karen Schmidt,45,South Nicoleshire
105,Kaitlyn Park,69,Williamsside
106,Tina Torres,36,South Justinland
107,Chad Martin,56,North Sonya
108,Wendy Roberts,32,Cassandrachester
109,Erin Williams,68,East Maxwellton
110,Leslie Johnson MD,18,North Janiceborough
111,George Baker,53,Katherineville
112,Monica Macdonald,41,Port Eddie
113,Paula Hunter,30,Hillland
114,Dale Cooper,44,Robertsbury
115,William Anderson,53,Lake Cynthia
116,Jonathan Jimenez,45,Fischermouth
117,Allison Wiggins,43,Joelville
118,Mr. Andrew Brown Jr.,33,Farrellton
119,John Wells,28,Lake Tiffany
120,Catherine Rose,63,Port Melissaville
121,Christine Reed,65,Lake Lindsey
122,Patrick Cunningham,59,Hillside
123,Ashlee Compton,42,Smithport
124,Sara Sutton,42,North Christopherport
125,Chad Sanchez,32,Smithtown
126,Francisco Conner,34,Meganbury
127,Christopher Smith,23,Katherineborough
128,Carlos Vaughan,45,South Bonnie
129,Vanessa White,58,East Brett
130,Mathew Davis,33,Meganborough
131,Nicholas Flores,51,New Davidland
132,Sherry Harris,66,Ericberg
133,Michelle Burton,69,Lake Rodney
134,George Castro,57,West Brianview
135,Elizabeth Lewis,69,East Johnathan
136,Steven Nelson,62,Meganfurt
137,Rebecca Campbell,61,South Mark
138,David Mayer,35,South Veronicastad
139,Kelly Harris,36,Bakermouth
140,Matthew Sexton,59,East Marisaland
141,William Barrett,65,South Lisa
142,Edward Fernandez,52,Orrhaven
143,Jacqueline Holland,69,Lake Scottfurt
144,Tiffany Santiago,35,Foleyville
145,Chase Jones,44,East Christophershire
146,Catherine Burns,30,South Andreachester
147,Corey Page,22,Port Annaside
148,Nichole Clark,29,New Chadview
149,Jason Brock,26,North Kimberly
150,Mary Curtis,36,East Fernando
151,David Fuller,25,West Lesliemouth
152,Crystal Porter,58,South Riley
153,Mackenzie Herrera,47,Coxtown
154,George Rocha,57,Jessicaland
155,Matthew Garcia,46,Lake Troy
156,Adam Price,35,West Michaelside
157,Tiffany Mcgee,62,West Michael
158,Adam Huffman,57,West Williamborough
159,Cindy Mack,49,Frankfurt
160,Angela Harris,30,Stacytown
161,Melody Farmer,38,Melissaland
162,Stacy Lopez,19,North Ryanton
163,Sherri Rogers,27,East Brianna
164,Judy Wells,21,East Laura
165,Joshua Dillon,52,Jessicaberg
166,David Adams,19,Whitemouth
167,Michelle Todd,29,Kylechester
168,Samantha Gibson,24,West Tracy
169,James Young,36,Port Laura
170,Elizabeth Cooper,35,Hernandezmouth
171,Susan Reyes,26,West Christine
172,Justin Roberts,63,North Mariaside
173,Ann Hill DDS,46,Lake Jacquelineshire
174,Deborah Warren,64,Lake Jessica
175,Isaac Murillo,18,Lake Michael
176,Shane Romero,32,Holmesberg
177,Kelly Rice,23,Jessicamouth
178,Diane Robinson,27,Rodriguezchester
179,Michael Roberts,18,Lake Karenview
180,Kelly Clark,49,New Timothy
181,Richard Osborn,31,Rodriguezfurt
182,Kimberly Kelly,39,Marychester
183,Derek Christensen,44,Wallville
184,Bruce Brown,37,Sheaborough
185,Meghan Luna,68,Butlermouth
186,Tammy Williams,69,Alexandrashire
187,Michelle Thompson,49,South Carrie
188,Antonio Brock,41,Adamtown
189,Ronald Bird,47,Lake Scottmouth
190,Patrick Mcclure,62,Fordstad
191,Jacob Conley,68,Richardsborough
192,Susan Esparza,20,Lake William
193,Joseph Thompson,39,Lopezside
194,Raven Johnson,23,West Brendaport
195,Jorge Anderson,66,Coxfurt
196,Rebekah Rodriguez,27,Davischester
197,Sean Miller,21,Boyershire
198,Ashley Stewart,35,North Donald
199,Jennifer Cooper,67,Rachelmouth
200,Patrick Green,43,Port Williammouth
201,Willie Howe,22,Robinsonstad
202,Guy Perry,52,Hessport
203,Deborah Simmons,48,Harrisport
204,Aaron Cox,29,Garciatown
205,Dawn Price,30,Lake Nicole
206,Ashley Rose,34,Briannaburgh
207,Kelly Stone,70,Robertsville
208,Brandon Martinez,42,West April
209,John Huffman,18,East Kyleview
210,Lori Mcknight,25,Taylorberg
211,Sheila Ramirez,67,Riceshire
212,Debra Palmer,63,Donaldport
213,William Gill,33,Jamesview
214,Dawn Evans,42,North Donaldville
215,Audrey Moore,67,Jennifertown
216,Matthew Harvey,46,Sheppardton
217,Brandon Villarreal,33,Hammondborough
218,Sheena Blake,65,West Danachester
219,Samantha Mendez,20,Medinafort
220,Matthew Hunt,30,Thompsonburgh
221,Pamela Walker,47,Theresafort
222,Natalie Cox,65,Christopherbury
223,Christy Ashley,67,Port Matthew
224,Vanessa Soto,24,North Theresaton
225,Danielle Johnston,51,Snyderport
226,Margaret Wallace,60,South Jared
227,Gina Smith,31,Boothhaven
228,Dr. Matthew Yates,48,North Brenda
229,Brittany Thomas,42,Whiteton
230,Andres Carroll,61,Michaelborough
231,Bridget Francis,37,Lake Dawn
232,Dr. Nichole Johnson,38,Lauriehaven
233,Joseph Davis,28,West Johnnyport
234,Suzanne Maldonado,58,Phylliston
235,John Santos,64,Michellebury
236,Robert Fields,20,Aaronland
237,Jennifer Scott,65,South Robert
238,Jacob Palmer,53,West Samuelberg
239,Amanda Roberson,51,New Jamesburgh
240,Melvin Davis,25,Thompsonport
241,Steven Hunter,34,Simmonsmouth
242,Larry May,48,Johnport
243,John Williams,58,North Kennethside
244,Sherry Johnson,37,West Angelaville
245,Nancy Moore,30,North Jamesbury
246,David Miller,41,East Tonya
247,Caitlin Woods,21,West Jasonmouth
248,Calvin Haynes,60,Mejiabury
249,Matthew Thompson,31,Larrymouth
250,Timothy Mitchell,25,New Tiffany
251,Christopher Vargas,33,Fosterberg
252,Mr. Willie James,58,West Wendyberg
253,Paul Alvarez,45,Howardbury
254,Ian Cherry,38,North David
255,Allen Christian,18,Annachester
256,Gary Lewis,28,Lauraberg
257,Todd Gilmore,68,Carrieton
258,Samantha Cross,35,Thompsonhaven
259,Lauren Williams,55,Markshire
260,Daniel Mays,25,Lake Sheri
261,Dustin Ferguson,43,New Jonathanhaven
262,Erik Calderon,68,Burtonbury
263,Janice Gill,33,South Natalie
264,Kent Blake,18,Johnfort
265,Tonya Holt,20,Kingmouth
266,Michelle Black,55,Rodriguezton
267,Wendy Berry,68,South Lindaborough
268,Curtis Perry,62,West Curtis
269,Julie Bowman,48,Michelleview
270,Taylor Ramos,62,Port Amy
271,Alexis Hall,56,East Gabrielville
272,Grace Perez,27,Tonihaven
273,Jacqueline Aguirre,41,Amberfort
274,Richard Bruce,67,Gomezbury
275,Matthew Burton,23,East Charlestown
276,Jennifer Garcia,33,Johnsonstad
277,Alice Arnold,28,Maryville
278,Fred Moore,49,Millerfort
279,Lori Li,23,Robertmouth
280,Mike Chen,61,Darleneborough
281,Victor Martinez,57,Smithchester
282,Beverly Ramirez,39,West Nancyberg
283,Sydney Robinson DVM,66,North Amanda
284,Leslie Hill,58,Mariastad
285,Trevor Crane,21,Smithton
286,Adrian Mann,21,North Alexafort
287,Scott Fields,40,West Hannah
288,Kimberly Johnson,59,Christopherburgh
289,Daniel Green,27,Quinntown
290,Dean Montes,62,Sylviaport
291,Lauren Montes,52,Port Paul
292,Lucas Alvarez,68,Ortegastad
293,Theresa Taylor,24,Simpsonmouth
294,Deborah Wright,26,Lake Lorishire
295,Lance Johnson,49,New Philipmouth
296,Kimberly Riddle,32,East Victoriatown
297,Adam Ellis,38,Conleyfurt
298,Aaron Cuevas,53,East Wendyfort
299,David Maldonado,68,North Stephanieland
300,Robert Mueller,59,Victoriatown
301,Justin Tran,66,Heidiborough
302,Cynthia Maddox,40,East Martin
303,Sarah Herman,69,North Elizabeth
304,Chad King,46,South Cameron
305,Alex Crosby,64,Paultown
306,William Greene,30,Robertstown
307,Angela Carson,19,Paulstad
308,Nancy King,62,Paulville
309,Brittney Hart,42,Nelsonport
310,Sara Martin,40,Gutierrezborough
311,Chelsea Jones,64,Omarport
312,Manuel Deleon,26,South Toni
313,Candice Rojas,34,Davidshire
314,Kyle Wong,20,West Meganville
315,Dennis Nguyen,49,Changbury
316,Donald Rice,63,Port Monica
317,Susan Myers,46,Lake Joanne
318,Jacob Peterson,53,East Andrew
319,Sheri Brown,36,Brownstad
320,Jeffrey Blake,52,Johnsonchester
321,Kayla Wright,62,New Ana
322,Desiree Robbins,49,West Melissabury
323,Matthew Perez,30,West Suzanne
324,Steven Patterson,54,East Matthewmouth
325,Candace Mason,29,East David
326,Gregory Jones,52,East Heatherburgh
327,Amber Owens,40,Thorntonmouth
328,Maria Duncan,38,West Evanland
329,Kirsten Lee,64,Lake Victoria
330,Jasmine Huynh,47,North Richardberg
331,Mr. Thomas Baxter,35,Garcialand
332,Brandon Figueroa,56,Christianland
333,Amber Johnson,53,Richardberg
334,Christine Mcdonald,28,West Lisabury
335,Brent Wilkerson,22,Harrisland
336,Anthony Boyd,51,Hollytown
337,Jenna Rodriguez,27,South Donna
338,Douglas Hughes,46,Hughesport
339,Matthew Lopez,36,South Joannafort
340,Dr. Jeffery Hebert,70,Lake George
341,Sandra Fleming,34,North Wayneborough
342,Joseph Young,52,Thompsonhaven
343,Alex Jones,41,South Sonya
344,John Leonard,47,Gregorystad
345,Suzanne Lloyd,18,New Stevenland
346,Tony Ortiz,67,Johnview
347,Ian Taylor,58,South Melindamouth
348,Christian Hicks,50,New Lukemouth
349,Kristen Powers,42,Gallaghermouth
350,Benjamin Taylor,64,East Tyler
351,Caitlin Gibson,29,Andreaburgh
352,Victor Anthony,19,Phillipsmouth
353,Martha Long,57,Loganview
354,William King,41,Batesland
355,Anthony Velez,67,West Kaylafurt
356,Kristen Melton,57,Lake Patriciaview
357,Todd Williams,33,Lake Traciland
358,Kyle Lee,38,Thomaschester
359,Tonya Blankenship,64,Loganburgh
360,Hannah Garcia,22,Andreshire
361,Amanda Reyes,60,New Ianchester
362,Connor Ramos,52,Port Nancy
363,Brandon Mathis,70,Lake Andrew
364,Dorothy Cooper,42,Andrewshire
365,Kaitlin Cox,30,Lake Rebeccaborough
366,William Greene,51,Lake Brittany
367,Mary Young,61,South Amandahaven
368,John Waters,49,South Amyton
369,Rebecca Robinson,67,Williamsfort
370,Brian Bryant,53,Port Chris
371,Denise Roberts,27,East Sylvia
372,Carrie Soto,57,Garychester
373,Francisco Smith,36,Hernandezfort
374,Kenneth Mcconnell,38,Barneshaven
375,Isaac Hernandez,44,Santiagomouth
376,Karen Jackson,59,Westport
377,Michelle Cruz,38,New Stephaniebury
378,Mr. Robert Cox,25,Ashleyton
379,Thomas Mendez,24,South Desireefurt
380,Wayne Martin,51,Port Matthewchester
381,Jose Woods,60,Lake Jenny
382,Patrick Mitchell,22,Richardstad
383,Susan Ochoa,20,Kevinfort
384,Colton Salinas,26,Banksmouth
385,Chad Wright,29,North Michael
386,Emily Taylor,20,New Larryview
387,Vanessa Austin,30,Robertsonmouth
388,Jack Sullivan,24,North David
389,Christopher Miller,49,Jessicaport
390,Ronnie Chapman,30,Fordmouth
391,Vincent Hall,24,South Christopher
392,Matthew Alvarez,20,Bowmanfort
393,Curtis Scott,54,Robertsside
394,Patrick Johnston,59,Greenhaven
395,Andrea Mitchell,42,South Michaelmouth
396,Cynthia Shaffer,60,Ryanside
397,Gregory Farley,49,Port Jessicachester
398,Angelica Weeks,51,Hortonberg
399,Ashley Manning,57,Fosterport
400,Stephen Owens,62,East Carlosfurt
401,Betty Salazar,55,Walkerbury
402,Marc Smith,34,Griffinstad
403,Edward Payne,21,Jonathanport
404,Miss Renee Taylor,41,East Debra
405,Jared Johnson,32,Jerryport
406,Ashley Nelson,56,Andrewsside
407,Cynthia Brown,63,East Sarahfurt
408,Tara Patterson,22,Acostashire
409,James Page,18,New Markborough
410,Joseph Bell,31,Whiteshire
411,David Sims,59,Courtneybury
412,Anna Patrick,49,Parsonsfort
413,Michelle Russell,23,West Lauraland
414,Raymond Ellison,47,New Danielfurt
415,Christopher Ramos,69,Lake Kimberlyfurt
416,Jon Sanchez,58,Johnburgh
417,Ernest Kim,21,Johnsonburgh
418,Amanda Richards,41,North Joshuabury
419,Angel Cantu,53,Hoffmanmouth
420,Philip Ortiz,65,Moralestown
421,Keith Romero,44,Hortontown
422,Richard Willis,70,Jordanburgh
423,Emily Ponce,41,Port Rileyfurt
424,Christopher Gordon,68,Phillipsview
425,Ricardo Lopez,63,West Madelineport
426,Phyllis Lee,21,Sierramouth
427,Felicia Lloyd,70,Stevenmouth
428,Jessica Diaz,57,Hernandezfort
429,Amanda Carroll,35,Romanstad
430,Andrea Hooper,51,Hayleystad
431,Timothy Fields,20,Reedshire
432,Michael Steele,64,Port Mary
433,Anna Peters,22,Abigailtown
434,Mark Khan,37,Reyesmouth
435,Mikayla Love,22,Stephanieview
436,Joshua Clarke,31,Port Allisonberg
437,Christy Russell,51,West Kevinport
438,Dennis Blake,24,North Mark
439,Christopher Cruz,24,South Marcview
440,Richard Nelson,64,Hannahport
441,Samuel Reyes,32,Dunnborough
442,Hannah Pratt,52,Liton
443,Mary Dennis,42,Torrestown
444,Jessica Silva,30,West Sarahborough
445,Patrick Cox,30,West Cynthia
446,Robert Pittman,51,North Terriview
447,Debbie Santiago,60,South Emilyburgh
448,Christopher Deleon,33,Calderonport
449,Joseph Bradford,54,Port Brianna
450,Patricia Zuniga,58,Amandashire
451,Victoria Martin,29,Jenniferview
452,Daniel Harrison,53,West Michaelfort
453,Brittany Anderson,65,Salasbury
454,Eduardo Perez,53,New Jillton
455,Sherry Delacruz,44,Wallershire
456,Jordan Rivera,65,Lake Jeffreyville
457,Karen Webb,24,North Jennifer
458,Deborah Jones,67,Reedburgh
459,Robin Johnston,58,Rachelport
460,Samuel Merritt,54,Marshallmouth
461,Scott Flynn,40,Shepherdport
462,Mark Ramos,61,Sharonview
463,Michelle Shannon,47,Port Williamburgh
464,Richard Lee,62,Lake Megan
465,Matthew Cox,60,Greeneburgh
466,Miss Kim Hawkins,45,West Isabellaberg
467,Shawn Owens,24,Port Cynthia
468,Robin Wilkerson,28,West Jesus
469,Christina Smith,68,North Patrickbury
470,William Robinson,29,Ryanfurt
471,Mark Robinson,53,Lake Jasmine
472,Kenneth Marsh,43,Deannabury
473,Laurie Becker,50,Lake Maria
474,Gregory Webb,39,Jameshaven
475,Daniel Hogan,60,North Justinmouth
476,Mr. Joshua Garrett MD,28,Mitchellchester
477,Stephen Gomez,52,Fuentesberg
478,Daniel Gillespie,56,Lake Jennifershire
479,Amber Dean,46,Colemanport
480,David Clark,40,West Stephen
481,Eugene Solis,38,Jasonfort
482,Samuel Knight,53,Port Christopher
483,Tiffany Crawford,38,East Marytown
484,John Craig,41,Houstonfurt
485,Kevin Adams,44,Jennifershire
486,Andrew Davenport,66,Thomasville
487,Ann Johnson,58,East Johnathan
488,Christine Kennedy,45,Port Christine
489,Brett Hood,70,Donaldbury
490,George Trevino,64,Fernandezburgh
491,Sharon Waters,38,South Cheryl
492,Marissa Clark,56,Mendozastad
493,James Moreno,33,Kariview
494,Jennifer Martin,54,Alishabury
495,Jerry Kane,52,South Davidfurt
496,Sean Rhodes,31,South Jason
497,Jesse Riley,42,South Erica
498,Yolanda Espinoza,67,East Johnburgh
499,Brian Mcmillan,53,North Donna
500,Diana Richardson,65,New Benjaminhaven
