ProductID,ProductName,Category
1,Fritz Group,Toys
2,Weber-Lopez,Sports
3,Perry Inc,Food
4,"Gallagher, Rodriguez and Gomez",Food
5,Ramsey-Jones,Books
6,"Winters, Dunlap and Hernandez",Electronics
7,"Duncan, Perez and Williams",Electronics
8,"Stewart, Wong and Stevens",Toys
9,Miller-Davis,Electronics
10,Harris PLC,Health
11,Baldwin-Robinson,Home and Garden
12,Gonzales-Garcia,Toys
13,Brooks-King,Electronics
14,"Moore, Evans and Hunter",Toys
15,Kennedy and Sons,Beauty
16,Simmons-Herman,Beauty
17,Silva LLC,Sports
18,Ferguson Inc,Electronics
19,Hanson-Davis,Toys
20,Grant LLC,Health
21,Powell LLC,Health
22,"Newton, Dunn and Rodriguez",Health
23,"Sandoval, Edwards and Jackson",Home and Garden
24,"Hernandez, Chapman and Parker",Clothing
25,Lee-Guerrero,Electronics
26,Callahan-Harding,Food
27,Foster-Davis,Sports
28,Dillon-Myers,Home and Garden
29,"Lam, Williams and Fritz",Home and Garden
30,Johnson-Becker,Toys
31,Chavez LLC,Sports
32,Boone LLC,Beauty
33,Walters PLC,Beauty
34,Christian-Garcia,Toys
35,Kim-Underwood,Toys
36,"Johnson, Hayes and Reyes",Clothing
37,Boyd-Ross,Books
38,Wise Inc,Beauty
39,"Ibarra, Johnson and Pollard",Clothing
40,"Burton, Bush and Fry",Sports
41,Collier-Moore,Food
42,"Dunlap, Crawford and Woods",Home and Garden
43,Perry PLC,Food
44,Caldwell Inc,Clothing
45,Daniels Inc,Toys
46,Moore-Williams,Electronics
47,"Smith, Ramirez and Le",Books
48,"Salas, Hurley and Murphy",Clothing
49,"Richard, Mason and Ferguson",Electronics
50,"Wilson, Fernandez and Wheeler",Sports
51,"Miller, Reynolds and Wright",Sports
52,"Gentry, Alexander and Barber",Books
53,Williams-Horton,Books
54,Moses PLC,Clothing
55,"Velazquez, Davis and Jackson",Beauty
56,"Gray, Johnson and Welch",Electronics
57,"Lopez, Mays and Bryan",Books
58,Sanchez LLC,Electronics
59,Fuentes-Burns,Toys
60,Camacho Inc,Health
61,Olson and Sons,Electronics
62,Silva LLC,Sports
63,"Chapman, Yates and Barrera",Health
64,Mendez Group,Home and Garden
65,Johnson Group,Sports
66,Larsen-Baker,Health
67,"Schmitt, Ferguson and Williams",Beauty
68,"Smith, Wang and Nelson",Home and Garden
69,Schmidt Inc,Electronics
70,Lopez and Sons,Books
71,Berry-Nichols,Food
72,"Reyes, Bryant and Harrison",Health
73,Hall-Ross,Clothing
74,Davis Ltd,Beauty
75,Baker-Jensen,Books
76,Novak-Scott,Toys
77,Hernandez-Wagner,Books
78,Campbell-Chavez,Home and Garden
79,Brown Ltd,Home and Garden
80,Trujillo and Sons,Sports
81,Morales Ltd,Clothing
82,Clay-Bailey,Food
83,Avery Inc,Electronics
84,Russell Ltd,Health
85,Adams LLC,Books
86,Walker-Torres,Toys
87,"Martinez, Graham and White",Clothing
88,"Phelps, Mueller and Rodriguez",Books
89,Hammond Group,Health
90,Barnes Inc,Books
91,Martinez-Gilbert,Home and Garden
92,"Gallagher, Snyder and Cherry",Home and Garden
93,Callahan-Cabrera,Food
94,Sanchez-Proctor,Health
95,"Hill, Gomez and Moore",Beauty
96,Johnson LLC,Food
97,Phillips Inc,Books
98,Simpson PLC,Beauty
99,Cruz-Moore,Health
100,Brown Group,Health
